{
    "users": [
        {
            "id": "1",
            "name": "admin",
            "email": "diengabzo@gmail.com",
            "password": "Dieng123",
            "profile": "Admin",
            "reset_token": "dd938d972bc424634ae2bd9f8e567105",
            "reset_expire": 1745810142
        }
    ],
    "promotions": [
        {
            "id": 9,
            "name": "Promo 7",
            "status": "active",
            "image": "imagesp7.png",
            "date_debut": "2024-02-01",
            "date_fin": "2025-01-31",
            "apprenants": [
                {
                    "id": 9,
                    "name": "Khouss ngom"
                },
                {
                    "id": 10,
                    "name": "mame bousso"
                },
                {
                    "id": 11,
                    "name": "Grace Wilson"
                }
            ],
            "referentiels": [
                "680553b967e8b",
                "680559b417dab",
                "68055a7e7d4e3",
                "68055b45eb279",
                "4"
            ]
        },
        {
            "id": 4,
            "name": "Promo 4",
            "status": "inactive",
            "image": "hackeuse.png",
            "date_debut": "2023-11-01",
            "date_fin": "2024-10-31",
            "referentiels": [
                7
            ],
            "apprenants": [
                {
                    "id": 9,
                    "name": "Khouss ngom"
                },
                {
                    "id": 10,
                    "name": "mame bousso"
                },
                {
                    "id": 11,
                    "name": "Grace Wilson"
                },
                {
                    "id": 12,
                    "name": "Henry Ford"
                },
                {
                    "id": 9,
                    "name": "Khouss ngom"
                },
                {
                    "id": 10,
                    "name": "mame bousso"
                }
            ]
        },
        {
            "name": "promo 11",
            "date_debut": "2025-02-19",
            "date_fin": "2025-04-27",
            "image": "devweb.png",
            "status": "inactive",
            "apprenants": [
                {
                    "id": 9,
                    "name": "moustapha rassoul"
                },
                {
                    "id": 10,
                    "name": "Henry Ford"
                }
            ],
            "id": 11,
            "referentiels": [
                "1"
            ]
        },
        {
            "id": 5,
            "name": "Promo 5 ",
            "status": "inactive",
            "image": "cloud.png",
            "date_debut": "2024-02-01",
            "date_fin": "2025-01-31",
            "apprenants": [
                {
                    "id": 9,
                    "name": "moustapha rassoul"
                },
                {
                    "id": 10,
                    "name": "Henry Ford"
                }
            ],
            "referentiels": [
                "68055a7e7d4e3",
                "1",
                "2"
            ]
        },
        {
            "id": 3,
            "name": "Promo 3",
            "status": "inactive",
            "image": "ref.png",
            "date_debut": "2024-03-01",
            "date_fin": "2025-02-28",
            "referentiels": [
                "5",
                "1"
            ],
            "apprenants": [
                {
                    "id": 6,
                    "name": "oumy odc"
                },
                {
                    "id": 7,
                    "name": "Abou odc"
                },
                {
                    "id": 8,
                    "name": "bailo wane"
                }
            ]
        },
        {
            "name": "promo 14",
            "date_debut": "2024-01-21",
            "date_fin": "2025-04-22",
            "image": "imagesp7.png",
            "status": "inactive",
            "apprenants": [
                {
                    "id": 9,
                    "name": "Khouss ngom"
                },
                {
                    "id": 10,
                    "name": "mame bousso"
                },
                {
                    "id": 11,
                    "name": "Grace Wilson"
                },
                {
                    "id": 12,
                    "name": "Henry Ford"
                },
                {
                    "id": 9,
                    "name": "Khouss ngom"
                },
                {
                    "id": 10,
                    "name": "mame bousso"
                }
            ],
            "id": 16
        },
        {
            "id": 1,
            "name": "Promo 1",
            "status": "inactive",
            "image": "devweb.png",
            "date_debut": "2024-01-01",
            "date_fin": "2024-12-31",
            "referentiels": [
                1,
                3,
                "68055a4959120",
                "680559b417dab"
            ],
            "apprenants": [
                {
                    "id": 1,
                    "name": "Gallas odc"
                },
                {
                    "id": 2,
                    "name": "bamba odc"
                }
            ]
        },
        {
            "id": 2,
            "name": "Promo 2",
            "status": "inactive",
            "image": "data.png",
            "date_debut": "2024-02-01",
            "date_fin": "2024-12-31",
            "referentiels": [
                "1"
            ],
            "apprenants": [
                {
                    "id": 3,
                    "name": "Alice Johnson"
                }
            ]
        },
        {
            "id": 5,
            "name": "Promo 6",
            "status": "inactive",
            "image": "aws.png",
            "date_debut": "2024-02-01",
            "date_fin": "2025-01-31",
            "apprenants": [
                {
                    "id": 9,
                    "name": "Grace Wilson"
                },
                {
                    "id": 10,
                    "name": "Henry Ford"
                }
            ]
        },
        {
            "name": "promo 9",
            "date_debut": "2025-04-20",
            "date_fin": "2025-04-22",
            "image": "devweb.png",
            "status": "inactive",
            "apprenants": [
                {
                    "id": 9,
                    "name": "Grace Wilson"
                },
                {
                    "id": 10,
                    "name": "Henry Ford"
                }
            ],
            "id": 8
        },
        {
            "name": "promo 10",
            "date_debut": "2025-04-20",
            "date_fin": "2025-04-24",
            "image": "hackeuse.png",
            "status": "inactive",
            "apprenants": [
                {
                    "id": 9,
                    "name": "Khouss ngom"
                },
                {
                    "id": 10,
                    "name": "mame bousso"
                },
                {
                    "id": 11,
                    "name": "Grace Wilson"
                }
            ],
            "id": 9
        },
        {
            "name": "promo 2028",
            "date_debut": "2025-04-20",
            "date_fin": "2025-04-30",
            "image": "data.png",
            "status": "inactive",
            "apprenants": [
                {
                    "id": 19,
                    "name": "malick"
                }
            ],
            "id": 10
        },
        {
            "name": "promo 12",
            "date_debut": "2025-04-11",
            "date_fin": "2025-04-23",
            "image": "ref.png",
            "status": "inactive",
            "apprenants": [
                {
                    "id": 20,
                    "name": "malick ba"
                }
            ],
            "id": 12
        },
        {
            "name": "promo 13",
            "date_debut": "2025-04-20",
            "date_fin": "2025-04-23",
            "image": "devweb.png",
            "status": "inactive",
            "apprenants": [
                {
                    "id": 9,
                    "name": "Khouss ngom"
                },
                {
                    "id": 10,
                    "name": "mame bousso"
                },
                {
                    "id": 11,
                    "name": "Grace Wilson"
                }
            ],
            "id": 13
        },
        {
            "name": "promotion 2027",
            "date_debut": "2025-04-04",
            "date_fin": "2025-04-30",
            "image": "aws.png",
            "status": "inactive",
            "apprenants": [
                50
            ],
            "id": 14
        },
        {
            "id": 1,
            "name": "Promotion 2025",
            "status": "inactive",
            "etat": "en cours",
            "date_debut": "2025-01-01",
            "date_fin": "2025-12-31",
            "image": "data.png",
            "apprenants": [
                "Alice",
                "Bob",
                "Charlie"
            ]
        },
        {
            "id": 2,
            "name": "Promotion 2024",
            "status": "inactive",
            "etat": "terminer",
            "date_debut": "2024-06-01",
            "date_fin": "2024-12-31",
            "image": "hackeuse.png",
            "apprenants": [
                "David",
                "Eve"
            ]
        },
        {
            "id": 3,
            "name": "Promotion 2026",
            "etat": "en attente",
            "status": "inactive",
            "date_debut": "2023-01-01",
            "date_fin": "2023-12-31",
            "image": "devweb.png",
            "apprenants": [
                "Frank",
                "Grace",
                "Heidi"
            ]
        },
        {
            "name": "PROMO 8",
            "date_debut": "2011-03-21",
            "date_fin": "2012-04-21",
            "image": "imagesp7.png",
            "status": "inactive",
            "apprenants": [],
            "referentiels": [
                "1",
                "2"
            ],
            "id": 17
        }
    ],
    "referentiels": [
        {
            "id": "1",
            "name": "Dev Web",
            "description": "Formation d\u00e9veloppement web",
            "image": "assets\/images\/uploads\/promotions\/hackeuse.png",
            "modules": []
        },
        {
            "id": 2,
            "name": "Dev Data",
            "description": "Science des donn\u00e9es et IA",
            "image": "assets\/images\/uploads\/promotions\/assistante.png",
            "status": "active"
        },
        {
            "id": 3,
            "name": "R\u00e9f\u00e9rentiel DevOps",
            "description": "Administration syst\u00e8me et d\u00e9ploiement",
            "image": "assets\/images\/uploads\/promotions\/devweb.png",
            "status": "active"
        },
        {
            "id": 4,
            "name": "R\u00e9f\u00e9rentiel Science",
            "description": "D\u00e9veloppement d'applications mobiles",
            "image": "assets\/images\/uploads\/promotions\/hackeuse.png",
            "status": "active"
        },
        {
            "id": "680551196d5ac",
            "name": "Dev Data",
            "description": "la science ",
            "image": "assets\/images\/uploads\/promotions\/data.png",
            "capacite": 30,
            "sessions": 10,
            "modules": [
                4
            ]
        },
        {
            "id": "68055255052f5",
            "name": "base de donnee",
            "description": "service",
            "image": "assets\/images\/uploads\/promotions\/assistante.png",
            "capacite": 30,
            "sessions": 10,
            "modules": [
                7
            ]
        },
        {
            "id": "680552ef31e03",
            "name": "hackeuse",
            "description": "R\u00e9seau informatique",
            "image": "assets\/images\/uploads\/promotions\/hackeuse.png",
            "capacite": 30,
            "sessions": 10,
            "modules": [
                5
            ]
        },
        {
            "id": "680553b967e8b",
            "name": "dev web",
            "description": "la science de ns  jour",
            "image": "assets\/images\/uploads\/promotions\/assistante.png",
            "capacite": 30,
            "sessions": 10,
            "modules": [
                1
            ]
        },
        {
            "id": "680554ece9556",
            "name": "dev ref",
            "description": "la science de nos jour",
            "image": "assets\/images\/uploads\/promotions\/aws.png",
            "capacite": 30,
            "sessions": 10,
            "modules": [
                3
            ]
        },
        {
            "id": "680557b9a0a57",
            "name": "sevice",
            "description": "la science de nos jour",
            "image": "assets\/images\/uploads\/promotions\/cloud.png",
            "capacite": 30,
            "sessions": 10,
            "modules": [
                10
            ]
        },
        {
            "id": "680559b417dab",
            "name": "aws",
            "description": "la science ",
            "image": "assets\/images\/uploads\/promotions\/aws.png",
            "capacite": 30,
            "sessions": 10,
            "modules": [
                9
            ]
        },
        {
            "id": "68055a4959120",
            "name": "systeme",
            "description": "la science ",
            "image": "assets\/images\/uploads\/promotions\/data.png",
            "capacite": 30,
            "sessions": 10,
            "modules": [
                3
            ]
        },
        {
            "id": "68055a7e7d4e3",
            "name": "cloud",
            "description": "la science de nos jour",
            "image": "assets\/images\/uploads\/promotions\/devweb.png",
            "capacite": 30,
            "sessions": 10,
            "modules": [
                4
            ]
        },
        {
            "id": "68055b45eb279",
            "name": "aws",
            "description": "la science de nos jour",
            "image": "assets\/images\/uploads\/promotions\/aws.png",
            "capacite": 30,
            "sessions": 10,
            "modules": [
                5
            ]
        },
        {
            "id": 6820,
            "name": "Cheikh Ahmadou Bamba",
            "description": "mouride",
            "capacite": 30,
            "sessions": 1,
            "image": "\/assets\/images\/uploads\/6818ad191c8e2.jpeg",
            "status": "active",
            "created_at": "2025-05-05 12:20:41"
        },
        {
            "id": 6821,
            "name": "Cheikh Ibreu",
            "description": "baye fall",
            "capacite": 30,
            "sessions": 2,
            "image": "\/assets\/images\/uploads\/6818aed3cd768.jpeg",
            "status": "active",
            "created_at": "2025-05-05 12:28:03"
        }
    ],
    "apprenants": []
}